{"stats":{"minecraft:killed_by":{"minecraft:player":1},"minecraft:mined":{"minecraft:oak_leaves":1,"minecraft:birch_log":1},"minecraft:used":{"minecraft:cobblestone":4},"minecraft:picked_up":{"minecraft:cobblestone":4,"minecraft:birch_log":1},"minecraft:custom":{"minecraft:time_since_rest":467,"minecraft:walk_one_cm":13761,"minecraft:leave_game":1,"minecraft:damage_taken":253,"minecraft:play_time":3497,"minecraft:damage_dealt":120,"minecraft:jump":46,"minecraft:time_since_death":433,"minecraft:sprint_one_cm":1296,"minecraft:fall_one_cm":1150,"minecraft:total_world_time":3497,"minecraft:fly_one_cm":1150,"minecraft:crouch_one_cm":107,"minecraft:sneak_time":115,"minecraft:climb_one_cm":77,"minecraft:deaths":2},"minecraft:crafted":{"minecraft:birch_planks":4}},"DataVersion":4556}