{"stats":{"minecraft:mined":{"minecraft:short_grass":6,"minecraft:oak_leaves":11,"minecraft:birch_log":5,"minecraft:birch_leaves":2,"minecraft:oak_log":4,"minecraft:jungle_leaves":1,"minecraft:cobblestone":3,"minecraft:stone":14},"minecraft:used":{"minecraft:crafting_table":1,"minecraft:wooden_pickaxe":18,"minecraft:birch_log":1},"minecraft:picked_up":{"minecraft:oak_log":4,"minecraft:cobblestone":13,"minecraft:birch_log":5,"minecraft:wheat_seeds":2},"minecraft:custom":{"minecraft:interact_with_crafting_table":2,"minecraft:time_since_rest":9656,"minecraft:walk_one_cm":22495,"minecraft:leave_game":1,"minecraft:damage_taken":190,"minecraft:damage_dealt":232,"minecraft:play_time":9656,"minecraft:jump":127,"minecraft:time_since_death":9656,"minecraft:sprint_one_cm":4065,"minecraft:fall_one_cm":3097,"minecraft:total_world_time":9656,"minecraft:fly_one_cm":44815,"minecraft:sneak_time":4,"minecraft:climb_one_cm":1592,"minecraft:player_kills":1},"minecraft:crafted":{"minecraft:stick":4,"minecraft:wooden_axe":1,"minecraft:wooden_pickaxe":1,"minecraft:oak_planks":16,"minecraft:birch_planks":16,"minecraft:crafting_table":1}},"DataVersion":4556}