{
  "minecraft:recipes/decorations/crafting_table": {
    "criteria": {
      "unlock_right_away": "2025-11-08 07:48:55 +0000"
    },
    "done": true
  },
  "minecraft:adventure/adventuring_time": {
    "criteria": {
      "minecraft:stony_peaks": "2025-11-08 07:50:49 +0000",
      "minecraft:forest": "2025-11-08 07:48:56 +0000",
      "minecraft:sparse_jungle": "2025-11-08 07:50:32 +0000",
      "minecraft:jungle": "2025-11-08 07:49:00 +0000",
      "minecraft:plains": "2025-11-08 07:50:36 +0000"
    },
    "done": false
  },
  "DataVersion": 3955
}